EVENT_TYPE_x,TIMESTAMP_x,REQUEST_ID_x,ORGANIZATION_ID,USER_ID_x,RUN_TIME_x,CPU_TIME_x,URI_x,SESSION_KEY_x,LOGIN_KEY_x,USER_TYPE,REQUEST_STATUS_x,DB_TOTAL_TIME_x,API_TYPE,API_VERSION,CLIENT_NAME,METHOD_NAME,ENTITY_NAME_x,ROWS_PROCESSED,REQUEST_SIZE,RESPONSE_SIZE,DB_BLOCKS_x,DB_CPU_TIME_x,TIMESTAMP_DERIVED,USER_ID_DERIVED_x,CLIENT_IP,URI_ID_DERIVED_x,EVENT_TYPE_y,TIMESTAMP_y,REQUEST_ID_y,USER_ID_y,RUN_TIME_y,CPU_TIME_y,URI_y,SESSION_KEY_y,LOGIN_KEY_y,REQUEST_STATUS_y,DB_TOTAL_TIME_y,ENTITY_NAME_y,DISPLAY_TYPE,RENDERING_TYPE,REPORT_ID,ROW_COUNT,NUMBER_EXCEPTION_FILTERS,NUMBER_COLUMNS,AVERAGE_ROW_SIZE,SORT,DB_BLOCKS_y,DB_CPU_TIME_y,NUMBER_BUCKETS,USER_ID_DERIVED_y,URI_ID_DERIVED_y,ReportId,ORIGIN
API,20220628012417.8,SLB:8fe932cca1526bed629705bbefb44eb2,00D0b000000GaMp,0050b000004KISt,28.0,21.0,Api,Pn3Ok/yahHOweX6r,3KxhQt3A519LyRAM,Standard,,5621914.0,P,41.0,Boomi/,query,Contact,1.0,727.0,731.0,14.0,0.0,2022-06-28T01:24:17.797Z,0050b000004KIStAAO,143.166.255.115,,Report,20220628012417.8,SLB:b6b8fadc101a841b304b6acd0d957c74,0050b000004KD9z,159,101,/aura,7Kr6JOlBGu/9ArlO,WTmJcozlYiIzKOwF,,72416921,,S,,00O2R000004F15k,11.0,0,4.0,218.0,,878.0,30.0,0,0050b000004KD9zAAG,,00O2R000004F15kUAC,ReportRunFromLightning
API,20220628100104.902,SLB:038201a874e3c5c2bfa9c0a888e2719c,00D0b000000GaMp,0052R00000AQuu8,41.0,32.0,Api,6P9yHeIQaTLMZka4,wiftaPS5ehvFBVJ2,Standard,,4894740.0,P,41.0,Boomi/,query,User,1.0,675.0,892.0,7.0,0.0,2022-06-28T10:01:04.905Z,0052R00000AQuu8QAD,143.166.226.119,,Report,20220628100104.902,TID:18939960000002c8a0,0050b000004KEAY,741,282,/aura,kuxYHh/nu6h/ihb2,THg+yf/avcAG7ESJ,,338465910,,H,,00O2R000003JCXa,1.0,0,9.0,514.0,0720b000001mujK.down,1098.0,50.0,0,0050b000004KEAYAA4,,00O2R000003JCXaUAO,ReportRunFromLightning
API,20220628100145.55,SLB:d07c4516cad3732537d2f63153c0fc4f,00D0b000000GaMp,0050b000004KISt,22.0,15.0,Api,Pn3Ok/yahHOweX6r,zeMh/LvKZtjYa5rA,Standard,,4466464.0,P,41.0,Boomi/,query,Asset,1.0,651.0,778.0,20.0,0.0,2022-06-28T10:01:45.551Z,0050b000004KIStAAO,143.166.226.119,,Report,20220628100145.55,SLB:23a9070858e7abd908e3f551d2addf00,0050b000004K3KF,494,356,/aura,t4N/stW6mJKLQlY4,s7Bucj10T1so+BNk,,159764796,,H,,00O0b000004kTaz,2.0,0,11.0,673.0,,1270.0,30.0,0,0050b000004K3KFAA0,,00O0b000004kTazEAE,ReportRunFromLightning
API,20220628100717.51,SLB:ee0cd45797509e5efdf359c248a8b502,00D0b000000GaMp,0050b000004KISt,24.0,18.0,Api,Pn3Ok/yahHOweX6r,HgGnFKbX30v7LBUS,Standard,,4988727.0,P,41.0,Boomi/,query,Account,1.0,655.0,782.0,18.0,10.0,2022-06-28T10:07:17.511Z,0050b000004KIStAAO,143.166.226.119,,Report,20220628100717.51,SLB:26a8cff300c19a642dfe21f2e06eb434,0050b000004K3KF,471,356,/aura,t4N/stW6mJKLQlY4,s7Bucj10T1so+BNk,,134778709,,H,,00O0b000004kTaz,1.0,0,11.0,656.0,,1266.0,30.0,0,0050b000004K3KFAA0,,00O0b000004kTazEAE,ReportRunFromLightning
API,20220628101607.09,SLB:e1132ba097a4525932c10254b0b48b1a,00D0b000000GaMp,0050b000004KISt,27.0,20.0,Api,Pn3Ok/yahHOweX6r,E+ivwP7Yg4RJf9Fj,Standard,,5225225.0,P,41.0,Boomi/,query,Account,1.0,662.0,836.0,18.0,0.0,2022-06-28T10:16:07.089Z,0050b000004KIStAAO,143.166.255.111,,Report,20220628101607.09,TID:157987090000061077,0051P000003jYhs,567,316,/aura,pJAwp9Pw6Dd82ihz,bKDJt9T+estRRZju,,247748018,,H,,00O2R0000043lHL,2.0,0,14.0,600.0,,1255.0,50.0,0,0051P000003jYhsQAE,,00O2R0000043lHLUAY,ReportRunFromLightning
API,20220628103312.348,SLB:27f0ac50a011c36f7955f4f76ceec525,00D0b000000GaMp,0052R000009TkM8,36.0,28.0,Api,nvRUvT3Dve1PaHM0,J6J4mUN48ahOMqEY,Standard,,6356939.0,P,41.0,Boomi/,query,Contact,0.0,713.0,551.0,27.0,0.0,2022-06-28T10:33:12.348Z,0052R000009TkM8QAK,143.166.255.127,,Report,20220628103312.348,TID:3095570900001fdc68,0050b000004K3HT,698,330,/aura,A6j21Grhxk0T4T9P,p31sYhCQKn8rrONA,,249937522,,H,,00O6P0000016ur0,58.0,0,16.0,699.0,,11646.0,50.0,0,0050b000004K3HTAA0,,00O6P0000016ur0UAA,ReportRunFromLightning
API,20220628103604.016,SLB:200d9c03670b96cdc03f9bfebff200f4,00D0b000000GaMp,0050b000004K1UI,145.0,91.0,Api,T4dg+6XwBb/6oL/4,OG5IzKZ4DBebrZPa,Standard,,24054853.0,P,41.0,Boomi/,query,Task,1.0,1326.0,2942.0,237.0,0.0,2022-06-28T10:36:04.016Z,0050b000004K1UIAA0,143.166.226.112,,Report,20220628103604.016,TID:14499690000c2b9726,0052R000009TnH6,1088,381,/aura,k4er9/WPiHmDiSjT,vhay1lHV9sxDcsZY,,760801815,,H,,00O0b000004kTaz,12.0,0,29.0,1218.0,,93514.0,340.0,0,0052R000009TnH6QAK,,00O0b000004kTazEAE,ReportRunFromLightning
API,20220628103744.59,SLB:b5499eab422f282f02397365978e5926,00D0b000000GaMp,0050b000004KISt,23.0,17.0,Api,YhgBJjCZwaQ+YXUU,bYM+xlnz+aQTqjmP,Standard,,4408300.0,P,41.0,Boomi/,query,Account,1.0,654.0,781.0,18.0,0.0,2022-06-28T10:37:44.589Z,0050b000004KIStAAO,143.166.255.112,,Report,20220628103744.59,TID:29256500000ad9417b,0050b000004K721,603,401,/aura,umSbln1G9ug0Lpfn,RPDUD3VVGrgj86yT,,170568499,,H,,00O2R000004BQ1b,19.0,0,27.0,1189.0,CDF1.down,20249.0,60.0,0,0050b000004K721AAC,,00O2R000004BQ1bUAG,ReportRunFromLightning
API,20220628105748.72,SLB:1e9a9f4619b5a1a12351a149cf41fc2a,00D0b000000GaMp,0052R000009TkM8,30.0,22.0,Api,nvRUvT3Dve1PaHM0,J6J4mUN48ahOMqEY,Standard,,6910942.0,P,41.0,Boomi/,query,Contact,0.0,714.0,551.0,27.0,0.0,2022-06-28T10:57:48.722Z,0052R000009TkM8QAK,143.166.255.127,,Report,20220628105748.72,TID:162936150000090965,0052R000009TpsK,558,415,/aura,cEVrqys2ni6RvbXR,KLQdLmrKh6OSdLHZ,,122207611,,H,,00O0b000004kTaz,19.0,0,29.0,1337.0,0720b000001dyL5.up,3435.0,60.0,0,0052R000009TpsKQAS,,00O0b000004kTazEAE,ReportRunFromLightning
API,20220628140443.363,SLB:3d1fc8b7480b9bc14b5e3b227635d045,00D0b000000GaMp,0050b000004K1UI,135.0,84.0,Api,T4dg+6XwBb/6oL/4,Pcm7owtPP9YcQgP3,Standard,,20482009.0,P,41.0,Boomi/,query,Task,1.0,1326.0,3453.0,307.0,10.0,2022-06-28T14:04:43.365Z,0050b000004K1UIAA0,143.166.255.112,,Report,20220628140443.363,TID:86835610000039038c,0050b000004KCyN,663,463,/aura,fJpZt0tBzdgo1knz,LbdEjqr+gXouLdHA,,201463450,,H,,00O0b000004kTaz,16.0,0,29.0,1454.0,,5002.0,80.0,0,0050b000004KCyNAAW,,00O0b000004kTazEAE,ReportRunFromLightning
API,20220628140617.023,SLB:0cf039136a1163a875f548836d84b59f,00D0b000000GaMp,0050b000004KISt,24.0,18.0,Api,Pn3Ok/yahHOweX6r,Wu2uIGzach6iE0TR,Standard,,5164982.0,P,41.0,Boomi/,query,WorkOrder,0.0,641.0,551.0,8.0,0.0,2022-06-28T14:06:17.024Z,0050b000004KIStAAO,143.166.226.119,,Report,20220628140617.023,TID:250643790000aeca04,0056P000000Di4q,1015,326,/aura,hP4j6Pt4lzCWWiRX,m6ndVeyMEeX4M3lo,,1082869190,,H,,00O0b000006iNwd,316.0,0,21.0,1073.0,,952.0,30.0,0,0056P000000Di4qQAC,,00O0b000006iNwdEAE,ReportRunFromLightning
API,20220628140705.742,SLB:73bce293ea72967866b84738d74723ed,00D0b000000GaMp,0052R00000AQuu8,38.0,23.0,Api,G/HqFhnofV5cUGwp,o6kiRU6fT2+FU3t5,Standard,,9250499.0,P,41.0,Boomi/,query,Case,1.0,640.0,767.0,18.0,10.0,2022-06-28T14:07:05.747Z,0052R00000AQuu8QAD,143.166.255.114,,Report,20220628140705.742,TID:563830000023fdeb14,0056P000000Dg0Q,769,352,/aura,ym6PmMazzSUY2E/l,nkL9gjNnWfUeAOW6,,304328175,,H,,00O6P000000NwV8,147.0,0,13.0,636.0,AGE.up,11613.0,20.0,0,0056P000000Dg0QQAS,,00O6P000000NwV8UAK,ReportRunFromLightning
API,20220628140823.49,SLB:248b518229eeb4aa14b2f71260eb777d,00D0b000000GaMp,0050b000004KISt,28.0,21.0,Api,Pn3Ok/yahHOweX6r,NHqOdaMdyT7M8kho,Standard,,5022901.0,P,41.0,Boomi/,query,WorkOrder,0.0,662.0,551.0,8.0,0.0,2022-06-28T14:08:23.493Z,0050b000004KIStAAO,143.166.255.111,,Report,20220628140823.49,TID:4216300000b86c66cb,0050b000004KRNe,445,297,/aura,U3tqBGtXLRsfEPaX,tQsCEHYNGci3f9Fw,,169047272,,H,,00O0b000006iLsP,2.0,0,7.0,312.0,,681.0,30.0,0,0050b000004KRNeAAO,,00O0b000006iLsPEAU,ReportRunFromLightning
API,20220628141103.05,SLB:3a8a9c68c281a9a41295053e5519b7df,00D0b000000GaMp,0050b000004KISt,386.0,28.0,Api,Pn3Ok/yahHOweX6r,NFL/q3XVgViOJifC,Standard,,9372862.0,P,41.0,Boomi/,query,WorkOrder,0.0,660.0,551.0,8.0,10.0,2022-06-28T14:11:03.053Z,0050b000004KIStAAO,143.166.255.111,,Report,20220628141103.05,TID:16493941900009318a,0050b000004K3qp,734,227,/aura,SIKxE/LxRBt7sCHT,QOiMHdm7o+Uyn6Ng,,519639424,,H,,00O0b000006iNwd,35.0,0,18.0,709.0,0720b000001muhr.up,874.0,40.0,0,0050b000004K3qpAAC,,00O0b000006iNwdEAE,ReportRunFromLightning
API,20220628141302.92,SLB:aeac69fd37ac711912ae56d98e6c6c9f,00D0b000000GaMp,0050b000004KISt,25.0,18.0,Api,Pn3Ok/yahHOweX6r,hLzGMXEyNk7DTDDg,Standard,,6428882.0,P,41.0,Boomi/,query,WorkOrder,0.0,662.0,551.0,25.0,0.0,2022-06-28T14:13:02.920Z,0050b000004KIStAAO,143.166.226.114,,Report,20220628141302.92,TID:10859851300000b223,0050b000005npy9,599,410,/aura,aG0AdgHZckHl1OJK,VxH5BqRMiRd9pKB5,,134088228,,H,,00O0b000004kpcx,2.0,0,9.0,588.0,,11975.0,50.0,0,0050b000005npy9AAA,,00O0b000004kpcxEAA,ReportRunFromLightning
API,20220628141504.57,SLB:121ac52c1b598e580c47b4cc5dde900f,00D0b000000GaMp,0050b000004KISt,29.0,23.0,Api,Pn3Ok/yahHOweX6r,5Lt5QZ5v34LINh3p,Standard,,4494125.0,P,41.0,Boomi/,query,Asset,1.0,651.0,778.0,20.0,0.0,2022-06-28T14:15:04.576Z,0050b000004KIStAAO,143.166.255.113,,Report,20220628141504.57,TID:59959869000013d1a8,0050b000005np6W,659,456,/aura,SbOazW6D5q5AHRaE,UEvPekL9QQBocdPX,,239915806,,H,,00O0b000004kTaz,17.0,0,29.0,1358.0,,5722.0,80.0,0,0050b000005np6WAAQ,,00O0b000004kTazEAE,ReportRunFromLightning
API,20220628142149.13,SLB:0d0fbc33b8e1dca91925604e428cbf50,00D0b000000GaMp,0052R00000AQuu8,56.0,48.0,Api,G/HqFhnofV5cUGwp,i5aVnMpr0R7X/IVc,Standard,,6108336.0,P,41.0,Boomi/,query,User,1.0,675.0,892.0,7.0,10.0,2022-06-28T14:21:49.127Z,0052R00000AQuu8QAD,143.166.255.127,,Report,20220628142149.13,SLB:ec08e96d501dfe537e2172b21ffa0da3,0050b000004KUlG,1269,323,/aura,d5kVXr8W7s6u220L,Hi0f/9JSuB5RyzMN,,1416775717,,H,,00O0b000004kTaz,33.0,0,15.0,1430.0,,371187.0,750.0,0,0050b000004KUlGAAW,,00O0b000004kTazEAE,ReportRunFromLightning
API,20220628142318.09,SLB:4e0b918c88681d36cc0138e502ba9305,00D0b000000GaMp,0050b000004KISt,35.0,28.0,Api,Pn3Ok/yahHOweX6r,olS3uGPrP1st9W4T,Standard,,6061893.0,P,41.0,Boomi/,query,Contact,1.0,823.0,940.0,13.0,0.0,2022-06-28T14:23:18.086Z,0050b000004KIStAAO,143.166.255.112,,Report,20220628142318.09,TID:2633440000009c8f12,0052R000009j2af,12900,555,/aura,b3nM4GQli34C6MW5,TCmSZ4ZMpweyzbSM,,12346440310,,H,,00O2R000004Amwm,10.0,0,44.0,1817.0,0722R000004O8YP.down,1112.0,40.0,0,0052R000009j2afQAA,,00O2R000004AmwmUAC,ReportRunFromLightning
API,20220628142717.625,SLB:9d3b0584c8815d2f9177ad105e7028f1,00D0b000000GaMp,0050b000004KISt,22.0,16.0,Api,Pn3Ok/yahHOweX6r,n755Jx9k7mTRvYh8,Standard,,4539757.0,P,41.0,Boomi/,query,Account,1.0,657.0,784.0,18.0,0.0,2022-06-28T14:27:17.624Z,0050b000004KIStAAO,143.166.226.119,,Report,20220628142717.625,TID:228519090000e2fa0e,0050b000004KAvh,6976,491,/aura,hSPwwSdEJD8sWrML,71Ch56R0LgrOjRKQ,,6444352642,,H,,00O2R000003zL5B,1.0,0,19.0,650.0,,135923.0,1440.0,0,0050b000004KAvhAAG,,00O2R000003zL5BUAU,ReportRunFromLightning
API,20220628142909.61,SLB:cfd83932270394e5e3d97cb0f6fc8aaa,00D0b000000GaMp,0050b000004KISt,38.0,31.0,Api,Pn3Ok/yahHOweX6r,WfrNSTP9PoDaGp6/,Standard,,6695789.0,P,41.0,Boomi/,query,Contact,1.0,830.0,947.0,18.0,0.0,2022-06-28T14:29:09.608Z,0050b000004KIStAAO,143.166.226.113,,Report,20220628142909.61,TID:30841473900000d3bd,0056P000000Dhno,585,431,/aura,9coHd4fpsa0flAs0,Xo1+z32wYP0Ywk0o,,99929807,,H,,00O2R0000044IpV,31.0,0,25.0,1212.0,0720b000001dyL5.up,3045.0,50.0,0,0056P000000DhnoQAC,,00O2R0000044IpVUAU,ReportRunFromLightning
API,20220628143303.69,SLB:f10a9fcbb146fcc9bc99f8bfe0448855,00D0b000000GaMp,0050b000004KISt,24.0,19.0,Api,Pn3Ok/yahHOweX6r,VYSUhoyqfHsdfd06,Standard,,4861300.0,P,41.0,Boomi/,query,Account,1.0,658.0,785.0,18.0,0.0,2022-06-28T14:33:03.697Z,0050b000004KIStAAO,143.166.226.111,,Report,20220628143303.69,TID:6903304300000a1c86,0050b000004K5r7,468,272,/aura,ZMxv0KIJV9/lik3p,xZruURofqJ0QD384,,143452623,,H,,00O0b000006iNwd,1.0,0,21.0,1128.0,,1048.0,40.0,0,0050b000004K5r7AAC,,00O0b000006iNwdEAE,ReportRunFromLightning
API,20220628143702.55,SLB:c62e7ed6d093c60e576d51d2a820fb22,00D0b000000GaMp,0050b000004K1UI,59.0,37.0,Api,T4dg+6XwBb/6oL/4,Tihv3nqndJ5lMZFx,Standard,,15243990.0,P,41.0,Boomi/,query,EmailMessage,1.0,970.0,3885.0,166.0,10.0,2022-06-28T14:37:02.551Z,0050b000004K1UIAA0,143.166.255.115,,Report,20220628143702.55,TID:89589260000001855d,0052R000009TpCc,854,329,/aura,kFAG8eMbOnxNge/Q,/WzgEGx7Z933d7IF,,519898773,,H,,00O2R0000043lHL,1.0,0,14.0,704.0,,1046.0,40.0,0,0052R000009TpCcQAK,,00O2R0000043lHLUAY,ReportRunFromLightning
API,20220628143803.4,SLB:82809eec0f8da64bc92aff18e02cf547,00D0b000000GaMp,0050b000004KISt,32.0,25.0,Api,Pn3Ok/yahHOweX6r,UGLA+JH3+Zfme1R4,Standard,,8540375.0,P,41.0,Boomi/,query,WorkOrder,1.0,643.0,733.0,34.0,0.0,2022-06-28T14:38:03.404Z,0050b000004KIStAAO,143.166.226.112,,Report,20220628143803.4,TID:3822211690000336e6,0051P000003jYzn,2047,451,/aura,aqvEo0fBagtDEvwB,uV6RO1zm1foHfZeH,,1429419837,,H,,00O0b000004kTaz,9.0,0,27.0,1249.0,0720b000001dyL5.up,10249.0,680.0,0,0051P000003jYznQAE,,00O0b000004kTazEAE,ReportRunFromLightning
API,20220628144105.97,SLB:4e6e4c4bcd3a8f11c05da397cdf8aae6,00D0b000000GaMp,0050b000004KISt,22.0,16.0,Api,Pn3Ok/yahHOweX6r,7tRJYYd426/5G2DF,Standard,,4491707.0,P,41.0,Boomi/,query,Asset,1.0,651.0,778.0,20.0,0.0,2022-06-28T14:41:05.971Z,0050b000004KIStAAO,143.166.226.115,,Report,20220628144105.97,TID:6431800000520ab2c7,0052R000009TnFz,576,411,/aura,eTYWFyzb0yX4Gha6,jMFfN7oL3vt3mzSC,,128203073,,H,,00O0b000004kpcx,0.0,0,9.0,0.0,,11939.0,50.0,0,0052R000009TnFzQAK,,00O0b000004kpcxEAA,ReportRunFromLightning
API,20220628144337.406,SLB:b1738f42ff842ba8ccee9e176040ae29,00D0b000000GaMp,0050b000004KISt,26.0,21.0,Api,Pn3Ok/yahHOweX6r,CFKJ4mXqjmC9PEkg,Standard,,4804019.0,P,41.0,Boomi/,query,Asset,1.0,651.0,778.0,20.0,0.0,2022-06-28T14:43:37.406Z,0050b000004KIStAAO,143.166.255.111,,Report,20220628144337.406,TID:566011170000070a10,0050b000004KVAB,439,252,/aura,1G0KaH5OiAsJ2ZaO,V7KmJ2XrTJ/tSQdI,,177702864,,H,,00O2R000003zXBd,155.0,0,19.0,744.0,,1378.0,40.0,0,0050b000004KVABAA4,,00O2R000003zXBdUAM,ReportRunFromLightning
API,20220628144405.04,SLB:04dbf5659a11931f7ad7f461449d7892,00D0b000000GaMp,0050b000004KISt,28.0,22.0,Api,Pn3Ok/yahHOweX6r,CFKJ4mXqjmC9PEkg,Standard,,4970291.0,P,41.0,Boomi/,query,WorkOrder,1.0,643.0,733.0,15.0,0.0,2022-06-28T14:44:05.036Z,0050b000004KIStAAO,143.166.255.114,,Report,20220628144405.04,TID:322165500000d14c19,0052R000009jVyN,362,278,/aura,w8fkSaAD3jx5ARDA,o0ACsZjUv/2h36Qt,,89734456,,H,,00O2R000004EjYV,1.0,0,28.0,1896.0,,544.0,30.0,0,0052R000009jVyNQAU,,00O2R000004EjYVUA0,ReportRunFromLightning
API,20220628144408.164,SLB:b50e42110a6391caacc35e4df2c49689,00D0b000000GaMp,0050b000004KISt,25.0,19.0,Api,Pn3Ok/yahHOweX6r,CFKJ4mXqjmC9PEkg,Standard,,4496314.0,P,41.0,Boomi/,query,Account,1.0,657.0,784.0,18.0,0.0,2022-06-28T14:44:08.165Z,0050b000004KIStAAO,143.166.226.119,,Report,20220628144408.164,TID:35779960000007e17a,0052R000009zq6K,966,306,/aura,+ir/PstJ1CRnLtc+,Bubj34uzEYDR+z+K,,602173262,,H,,00O2R0000043lHL,2.0,0,14.0,994.0,,895.0,40.0,0,0052R000009zq6KQAQ,,00O2R0000043lHLUAY,ReportRunFromLightning
API,20220628144421.344,SLB:8e9cb4b1bb6f8c6a3a88a4f787dff8ad,00D0b000000GaMp,0050b000004KISt,22.0,16.0,Api,Pn3Ok/yahHOweX6r,BT46BWwnSj7Yxxz5,Standard,,4245391.0,P,41.0,Boomi/,query,Account,1.0,654.0,781.0,18.0,0.0,2022-06-28T14:44:21.344Z,0050b000004KIStAAO,143.166.255.112,,Report,20220628144421.344,TID:83338980000096391b,0052R000009j3dI,525,346,/aura,EhICCBe0I6d0kLpC,t1QgkkKHXhqtj7od,,95307335,,H,,00O6P0000012jx4,21.0,0,15.0,660.0,,11417.0,40.0,0,0052R000009j3dIQAQ,,00O6P0000012jx4UAA,ReportRunFromLightning
API,20220628144555.4,SLB:0d850983e1b793598e781e17bac91125,00D0b000000GaMp,0050b000004KISt,21.0,16.0,Api,Pn3Ok/yahHOweX6r,V/IMJNPiwRPprhg1,Standard,,3999050.0,P,41.0,Boomi/,query,WorkOrder,0.0,641.0,551.0,8.0,0.0,2022-06-28T14:45:55.399Z,0050b000004KIStAAO,143.166.226.114,,Report,20220628144555.4,TID:71215000006f46fe02,0050b000004KEc9,395,228,/aura,x9SiSJ6VNKkf/PCc,GNl5FqUs3Nrs4Ahx,,145992324,,H,,00O0b000004AoOO,60.0,0,15.0,611.0,,1099.0,20.0,1,0050b000004KEc9AAG,,00O0b000004AoOOEA0,ReportRunFromLightning
API,20220628144555.4,SLB:0d850983e1b793598e781e17bac91125,00D0b000000GaMp,0050b000004KISt,21.0,16.0,Api,Pn3Ok/yahHOweX6r,V/IMJNPiwRPprhg1,Standard,,3999050.0,P,41.0,Boomi/,query,WorkOrder,0.0,641.0,551.0,8.0,0.0,2022-06-28T14:45:55.399Z,0050b000004KIStAAO,143.166.226.114,,Report,20220628144555.4,TID:71201000000b5a35bf,0050b000004KEc9,407,234,/aura,x9SiSJ6VNKkf/PCc,GNl5FqUs3Nrs4Ahx,,151394716,,H,,00O0b000004AoOO,60.0,0,15.0,611.0,,1011.0,30.0,1,0050b000004KEc9AAG,,00O0b000004AoOOEA0,ReportRunFromLightning
API,20220628144705.297,SLB:b09d5a507eaa905943745f0ddbe8e5c2,00D0b000000GaMp,0050b000004KISt,22.0,16.0,Api,Pn3Ok/yahHOweX6r,MQSi69SqgKskXWaC,Standard,,4602849.0,P,41.0,Boomi/,query,Account,1.0,657.0,784.0,18.0,0.0,2022-06-28T14:47:05.299Z,0050b000004KIStAAO,143.166.255.111,,Report,20220628144705.297,TID:380667390000019448,0050b000004K3qp,773,453,/aura,SIKxE/LxRBt7sCHT,QOiMHdm7o+Uyn6Ng,,347349271,,H,,00O0b000004kTaz,20.0,0,18.0,755.0,,11471.0,210.0,0,0050b000004K3qpAAC,,00O0b000004kTazEAE,ReportRunFromLightning
API,20220628144802.062,SLB:a5a97bd734f7816a6f8dbfe4c55ad8b5,00D0b000000GaMp,0050b000004KISt,26.0,19.0,Api,Pn3Ok/yahHOweX6r,utckK+YwquuGL6xf,Standard,,4258268.0,P,41.0,Boomi/,query,Account,1.0,657.0,784.0,18.0,0.0,2022-06-28T14:48:02.062Z,0050b000004KIStAAO,143.166.255.112,,Report,20220628144802.062,TID:346710389000033cfb,0050b000004KCyN,646,479,/aura,fJpZt0tBzdgo1knz,LbdEjqr+gXouLdHA,,148129835,,H,,00O0b000004kTaz,17.0,0,29.0,1451.0,,5076.0,50.0,0,0050b000004KCyNAAW,,00O0b000004kTazEAE,ReportRunFromLightning
API,20220628145226.617,SLB:9d54a16a99f57de634b77d0b918be660,00D0b000000GaMp,0050b000004KISt,42.0,24.0,Api,Pn3Ok/yahHOweX6r,bRQd7N9l3ulbi5kI,Standard,,15695185.0,P,41.0,Boomi/,query,Contact,1.0,821.0,942.0,114.0,0.0,2022-06-28T14:52:26.616Z,0050b000004KIStAAO,143.166.226.113,,Report,20220628145226.617,TID:600139000048063cfd,0050b000004KViB,546,302,/aura,VC9wNa//xg/nKBG3,5Fqsh+ike8dX2ZjW,,254438329,,H,,00O2R000004EjYV,3.0,0,27.0,1779.0,,559.0,20.0,0,0050b000004KViBAAW,,00O2R000004EjYVUA0,ReportRunFromLightning
API,20220628145308.2,SLB:a93215682c139b648eedcf169eb50cfe,00D0b000000GaMp,0050b000004KISt,98.0,18.0,Api,Pn3Ok/yahHOweX6r,eFewXHGVOLOmcI/F,Standard,,73634800.0,P,41.0,Boomi/,query,Account,1.0,657.0,784.0,18.0,0.0,2022-06-28T14:53:08.198Z,0050b000004KIStAAO,143.166.255.127,,Report,20220628145308.2,TID:3605833790000ffb8e,0056P0000011h4m,515,360,/aura,PBrelYzH7LKuGmBx,7+yTY6rpEBC+TT1C,,171567816,,H,,00O2R0000043lHL,32.0,0,14.0,755.0,,1048.0,40.0,0,0056P0000011h4mQAA,,00O2R0000043lHLUAY,ReportRunFromLightning
API,20220628145709.168,SLB:9416425fe02b496eb8eb3a98bb06563d,00D0b000000GaMp,0050b000004KISt,832.0,276.0,Api,Pn3Ok/yahHOweX6r,+qJSqxY8UwOdZWCE,Standard,,334436752.0,P,41.0,Boomi/,upsert,DispatchDefaults__c,63.0,55232.0,6114.0,6221.0,250.0,2022-06-28T14:57:09.166Z,0050b000004KIStAAO,143.166.255.111,,Report,20220628145709.168,TID:102972190000007aef,0052R000009Tl4J,580,415,/aura,QL/VF1c9P/xeQEUC,aIJWclIYk67Dz4Rb,,132145149,,H,,00O0b000004kTaz,1.0,0,27.0,690.0,,8588.0,60.0,0,0052R000009Tl4JQAS,,00O0b000004kTazEAE,ReportRunFromLightning
API,20220628145754.85,SLB:dedaf52f004aff3dcc5e77287ddb6995,00D0b000000GaMp,0052R00000AQuu8,47.0,39.0,Api,G/HqFhnofV5cUGwp,vQr49nsOtOET5VB2,Standard,,6408211.0,P,41.0,Boomi/,query,User,1.0,675.0,892.0,7.0,0.0,2022-06-28T14:57:54.856Z,0052R00000AQuu8QAD,143.166.255.112,,Report,20220628145754.85,TID:22938558100000051f,0050b000004KIqL,662,398,/aura,/isenRqO/Qg+5tCY,yzcpmq5PrFIyw4Dg,,276906544,,H,,00O2R0000044IpV,37.0,0,25.0,1251.0,0720b000001dyL5.up,100392.0,180.0,0,0050b000004KIqLAAW,,00O2R0000044IpVUAU,ReportRunFromLightning
API,20220705073404.2,SLB:fc06c755e39fa95163e86487469591c9,00D0b000000GaMp,0050b000004KISt,27.0,18.0,Api,Pn3Ok/yahHOweX6r,hhh7l/4GN1rMb7uF,Standard,,5606646.0,P,41.0,Boomi/,query,Account,1.0,663.0,828.0,18.0,0.0,2022-07-05T07:34:04.199Z,0050b000004KIStAAO,143.166.226.115,,Report,20220705073404.2,TID:26185277000008b657,0050b000004K6UD,21835,262,/aura,y6ZK+bsz1r3mdtin,kJT+IdeayDi9m/0x,,21578426523,,H,,00O6P0000016vQo,51.0,0,20.0,873.0,0720b000001mujK.up,935.0,20.0,0,0050b000004K6UDAA0,,00O6P0000016vQoUAI,ReportRunFromLightning
API,20220705073413.254,SLB:68471894555b4191c23af33b2cbb22a6,00D0b000000GaMp,0050b000004KISt,27.0,20.0,Api,Pn3Ok/yahHOweX6r,Vn5yo6EzfkM5oiJO,Standard,,6773515.0,P,41.0,Boomi/,query,Account,1.0,657.0,784.0,18.0,0.0,2022-07-05T07:34:13.255Z,0050b000004KIStAAO,143.166.226.115,,Report,20220705073413.254,TID:164295000003513982,0056P000000xUL9,441,324,/aura,bqoIyEdo04+mKWW4,0KklFgQ6xQXaV0jb,,142885703,,H,,00O2R000004F1Y9,27.0,0,19.0,861.0,0722R000004XnLA.up,3295.0,60.0,0,0056P000000xUL9QAM,,00O2R000004F1Y9UAK,ReportRunFromLightning
API,20220705074443.246,SLB:ac093abefc7e965ccd3b059791fe044e,00D0b000000GaMp,0050b000004KISt,24.0,18.0,Api,Pn3Ok/yahHOweX6r,H4ODR3wItDopXRbi,Standard,,4068716.0,P,41.0,Boomi/,query,Account,0.0,634.0,551.0,8.0,0.0,2022-07-05T07:44:43.247Z,0050b000004KIStAAO,143.166.255.127,,Report,20220705074443.246,TID:3038389700000e0623,0052R000009j05Q,376,238,/aura,UaayX15OA96KN9cA,y3z5yZ+cMJoxM/+w,,132573487,,H,,00O0b000006iNwd,0.0,0,21.0,0.0,,865.0,10.0,0,0052R000009j05QQAQ,,00O0b000006iNwdEAE,ReportRunFromLightning
API,20220705074658.39,SLB:9ee0077e34bc132c5bd5cf6e6215f468,00D0b000000GaMp,0050b000004KISt,25.0,20.0,Api,Pn3Ok/yahHOweX6r,GV5oHAvkOP9z/vG+,Standard,,4302651.0,P,41.0,Boomi/,query,WorkOrder,0.0,643.0,551.0,8.0,0.0,2022-07-05T07:46:58.390Z,0050b000004KIStAAO,143.166.226.114,,Report,20220705074658.39,TID:25851014000004a70a,0056P000000xYMY,524,301,/aura,3lttkGNzQ32cKLd+,qCgIm7sca0eICP7R,,113924843,,H,,00O0b000004kTvS,80.0,0,7.0,333.0,,867.0,30.0,0,0056P000000xYMYQA2,,00O0b000004kTvSEAU,ReportRunFromLightning
API,20220705072827.062,SLB:67c005e8c21787f7e3540d9bd1ec0f47,00D0b000000GaMp,0050b000004KISt,22.0,17.0,Api,Pn3Ok/yahHOweX6r,fWQsYB0mMKSHhJJN,Standard,,4763493.0,P,41.0,Boomi/,query,Account,1.0,658.0,785.0,18.0,0.0,2022-07-05T07:28:27.067Z,0050b000004KIStAAO,143.166.255.111,,Report,20220705072827.062,SLB:0f5c196ffc875e2cf84d0ff0ca73696b,0050b000004KUlG,471,340,/aura,uHtl9+SgIEm9zEIC,n58dubnDGjV3kedy,,149047272,,H,,00O0b000004kTaz,9.0,0,11.0,773.0,,1660.0,80.0,0,0050b000004KUlGAAW,,00O0b000004kTazEAE,ReportRunFromLightning
API,20220705170246.395,SLB:57d5e80b63f8efb6fd8fdc0bf06c775c,00D0b000000GaMp,0050b000004KISt,21.0,16.0,Api,Pn3Ok/yahHOweX6r,RztP+lTcQHObtmrj,Standard,,5042566.0,P,41.0,Boomi/,query,Account,0.0,634.0,551.0,8.0,0.0,2022-07-05T17:02:46.395Z,0050b000004KIStAAO,143.166.226.113,,Report,20220705170246.395,TID:138087893000002d0a,0056P000000tIWk,707,542,/aura,TvDtNhnCQE8mzVTI,ifCsc3M1sxM5Euah,,114902578,,H,,00O2R000004BQ1b,0.0,0,27.0,0.0,CDF1.down,21078.0,80.0,0,0056P000000tIWkQAM,,00O2R000004BQ1bUAG,ReportRunFromLightning
API,20220705171536.977,SLB:58cde2ebf45ba9e4308c221f68881346,00D0b000000GaMp,0050b000004KISt,24.0,19.0,Api,Pn3Ok/yahHOweX6r,8qUcyG5Axb0fP2jh,Standard,,5610367.0,P,41.0,Boomi/,query,WorkOrder,0.0,662.0,551.0,15.0,0.0,2022-07-05T17:15:36.978Z,0050b000004KIStAAO,143.166.226.115,,Report,20220705171536.977,SLB:e4c5a9df36cb9537eabd2444fbe2a794,0050b000004KWlP,821,522,/servlet/PrintableViewDownloadServlet,9z//zE4L4+LdbT2g,4/xlmhn0t31TYLjd,S,218397943,,H,,00O6P000001B8ff,15.0,3,33.0,1426.0,,18199.0,70.0,0,0050b000004KWlPAAW,,00O6P000001B8ffUAC,ReportExported
API,20220705171615.645,SLB:aa2069bbb260ce8162b8566851914801,00D0b000000GaMp,0056P000001A579,214.0,174.0,Api,7f2tcFUrOY/EQGX0,CQAIMXNxcLs2tLzT,Standard,,29279949.0,P,51.0,Informatica/OnDemand/,query_more,DispatchPartsOrderLine__History,2000.0,776.0,860636.0,9793.0,20.0,2022-07-05T17:16:15.643Z,0056P000001A579QAC,143.166.226.114,,Report,20220705171615.645,TID:10118890000dcaa1b7,0050b000004K8ES,2676,272,/aura,e/Y8eezELdt5k+WI,TdstCz1mXV4WDWxL,,4286301473,,H,,00O0b000004kKa1,430.0,0,7.0,315.0,,816.0,20.0,0,0050b000004K8ESAA0,,00O0b000004kKa1EAE,ReportRunFromLightning
API,20220705171615.645,SLB:a4902274909fe16710e3fe162c41cf5b,00D0b000000GaMp,0050b000004KISt,23.0,18.0,Api,Pn3Ok/yahHOweX6r,1fzDRbDOxjpGzRPG,Standard,,4513080.0,P,41.0,Boomi/,query,WorkOrder,0.0,660.0,551.0,13.0,0.0,2022-07-05T17:16:15.643Z,0050b000004KIStAAO,143.166.226.114,,Report,20220705171615.645,TID:10118890000dcaa1b7,0050b000004K8ES,2676,272,/aura,e/Y8eezELdt5k+WI,TdstCz1mXV4WDWxL,,4286301473,,H,,00O0b000004kKa1,430.0,0,7.0,315.0,,816.0,20.0,0,0050b000004K8ESAA0,,00O0b000004kKa1EAE,ReportRunFromLightning
API,20220705172007.383,SLB:8518a8b8c593942e9e4f71f56b728339,00D0b000000GaMp,0050b000004KISt,26.0,21.0,Api,Pn3Ok/yahHOweX6r,+oCrubCLifFMst6A,Standard,,4556097.0,P,41.0,Boomi/,query,Account,1.0,655.0,782.0,19.0,0.0,2022-07-05T17:20:07.383Z,0050b000004KIStAAO,143.166.226.113,,Report,20220705172007.383,TID:1259291600000b7a4b,0052R000009iwtv,1284,396,/aura,HcLFrpCs6r86TJuK,hT8S/FTGMzGqiBXL,,854241502,,H,,00O2R0000043lHK,13.0,0,27.0,1066.0,0720b000001dyLc.down,8429.0,220.0,0,0052R000009iwtvQAA,,00O2R0000043lHKUAY,ReportRunFromLightning
API,20220705172023.13,SLB:22aead17890787f8d3d02a9f84e92120,00D0b000000GaMp,0050b000004KISt,19.0,15.0,Api,Pn3Ok/yahHOweX6r,AhL8jxMfI7jslSCn,Standard,,4023734.0,P,41.0,Boomi/,query,Account,1.0,654.0,781.0,18.0,0.0,2022-07-05T17:20:23.132Z,0050b000004KIStAAO,143.166.226.114,,Report,20220705172023.13,TID:140207735000001d47,0050b000004KW8A,459,210,/aura,2G5ARFyIbuYvBUts,FDzxQst0Kg4rfS3U,,181691698,,H,,00O2R000004F15k,4.0,0,19.0,716.0,,905.0,40.0,0,0050b000004KW8AAAW,,00O2R000004F15kUAC,ReportRunFromLightning
API,20220705172203.73,SLB:a0ee2c96bd54b24096203d5c7ec3eb6b,00D0b000000GaMp,0050b000004KISt,33.0,25.0,Api,Pn3Ok/yahHOweX6r,k+rFAqncgWaC2qQ4,Standard,,7294697.0,P,41.0,Boomi/,query,Contact,1.0,831.0,952.0,31.0,0.0,2022-07-05T17:22:03.734Z,0050b000004KIStAAO,143.166.226.119,,Report,20220705172203.73,TID:169160370000001576,0052R00000ASQ5x,4056,452,/aura,If5AhIEmK+fS7x6y,Hdnfxyr8xWmoCvQ0,,3475007204,,H,,00O6P000000ZNNu,4.0,0,22.0,1216.0,00N0b00000C1KQu.down,13150.0,50.0,0,0052R00000ASQ5xQAH,,00O6P000000ZNNuUAO,ReportRunFromLightning
API,20220705172623.586,SLB:a1f108d39398e219b210848a3eb7b892,00D0b000000GaMp,0050b000004KISt,29.0,21.0,Api,Pn3Ok/yahHOweX6r,MmCF2A1+vWr/xFbZ,Standard,,6558132.0,P,41.0,Boomi/,query,Contact,0.0,781.0,551.0,135.0,0.0,2022-07-05T17:26:23.585Z,0050b000004KIStAAO,143.166.226.115,,Report,20220705172623.586,TID:1604287390000483cb,0050b000004KAvD,469,367,/aura,QPqlgqt1ei6bjaGC,1Bo48vIEikaNj2EM,,82135154,,H,,00O2R000003zL5B,17.0,0,8.0,339.0,,468.0,20.0,0,0050b000004KAvDAAW,,00O2R000003zL5BUAU,ReportRunFromLightning
API,20220705173005.95,SLB:ecff693c604a068ee46f204d34a0e3fb,00D0b000000GaMp,0050b000004KISt,23.0,17.0,Api,Pn3Ok/yahHOweX6r,wlASv8vdQay/rh33,Standard,,4799033.0,P,41.0,Boomi/,query,Account,1.0,657.0,784.0,18.0,10.0,2022-07-05T17:30:05.947Z,0050b000004KIStAAO,143.166.226.111,,Report,20220705173005.95,TID:2034826690000c03e7,0050b000004KDPa,1086,202,/aura,mrXZpEzFsytXKMnQ,lpKBs5M4+UvfnDUq,,1002337279,,H,,00O0b000004AmRm,158.0,0,9.0,416.0,,775.0,20.0,0,0050b000004KDPaAAO,,00O0b000004AmRmEAK,ReportRunFromLightning
API,20220705173108.664,SLB:dd04e546a0799d998f1a91113bfe7618,00D0b000000GaMp,0050b000004KISt,30.0,23.0,Api,Pn3Ok/yahHOweX6r,Q5MIyU1oIGpEGHbS,Standard,,5026323.0,P,41.0,Boomi/,query,Account,1.0,653.0,780.0,18.0,0.0,2022-07-05T17:31:08.666Z,0050b000004KIStAAO,143.166.255.114,,Report,20220705173108.664,TID:554448500000bcfb27,0051P000003kj2w,811,623,/aura,ZBeOzlwfAW8qCGv3,PI8l3jb6KvUDzDmn,,109181035,,H,,00O0b000005yLBG,3.0,0,21.0,773.0,,11990.0,80.0,0,0051P000003kj2wQAA,,00O0b000005yLBGEA2,ReportRunFromLightning
API,20220705174110.76,SLB:1c5553154f7dfc218e5daf2a40328226,00D0b000000GaMp,0050b000004KISt,34.0,26.0,Api,Pn3Ok/yahHOweX6r,F00l0NkMe3idjLq/,Standard,,7241076.0,P,41.0,Boomi/,query,Contact,1.0,819.0,936.0,30.0,10.0,2022-07-05T17:41:10.757Z,0050b000004KIStAAO,143.166.226.113,,Report,20220705174110.76,TID:295331880900007697,0050b000004KEAZ,374,211,/aura,dK9+fVFRFbgl8bB/,mST4ZE+XfCYZscyc,,168420428,,S,,00O0b000004AmRr,66.0,0,4.0,238.0,,881.0,30.0,0,0050b000004KEAZAA4,,00O0b000004AmRrEAK,ReportRunFromLightning
API,20220705174229.887,SLB:1abb6ca6a34021e0083e83f62bf5d2bc,00D0b000000GaMp,0050b000004KISt,22.0,17.0,Api,Pn3Ok/yahHOweX6r,ELIr54TM4W6T4TZF,Standard,,4550581.0,P,41.0,Boomi/,query,Account,0.0,634.0,551.0,8.0,0.0,2022-07-05T17:42:29.892Z,0050b000004KIStAAO,143.166.226.111,,Report,20220705174229.887,TID:1519920000000061b5,0051P000003jYos,678,400,/aura,QWHtx7Qy1L2OcmQ7,LEF1/5qGG/W5NHXV,,422313942,,H,,00O2R0000043lHK,17.0,0,27.0,1300.0,0720b000001dyLc.down,11841.0,130.0,0,0051P000003jYosQAE,,00O2R0000043lHKUAY,ReportRunFromLightning
API,20220705175901.875,SLB:02983a9008ecb3e31c9b4503402db7c2,00D0b000000GaMp,0050b000004KISt,26.0,17.0,Api,Pn3Ok/yahHOweX6r,rEllHXdl5LWahylJ,Standard,,7707777.0,P,41.0,Boomi/,query,Account,1.0,657.0,784.0,28.0,10.0,2022-07-05T17:59:01.875Z,0050b000004KIStAAO,143.166.226.119,,Report,20220705175901.875,TID:190399451000004444,0051P000003jYzK,838,299,/aura,L3PgBrYfSRR5/akt,bI8M++B0RpNpVpYa,,539298885,,H,,00O0b000006iNwd,1.0,0,21.0,1338.0,,1171.0,30.0,0,0051P000003jYzKQAU,,00O0b000006iNwdEAE,ReportRunFromLightning
API,20220711072152.48,SLB:72da673cec62370186c4feaf2efbc973,00D0b000000GaMp,0050b000004KISt,27.0,19.0,Api,Pn3Ok/yahHOweX6r,nUwybFblxy2d8h+j,Standard,,5391466.0,P,41.0,Boomi/,query,Account,0.0,634.0,551.0,8.0,0.0,2022-07-11T07:21:52.475Z,0050b000004KIStAAO,143.166.255.115,,Report,20220711072152.48,TID:8653019600000dc13e,0050b000004KEO8,864,244,/aura,YmYuGsJTWJyblf9L,Hlyx3qFkaf9TBYGl,,628547852,,H,,00O0b000006iNwd,0.0,0,21.0,0.0,,756.0,30.0,0,0050b000004KEO8AAO,,00O0b000006iNwdEAE,ReportRunFromLightning
API,20220711074734.13,SLB:16ec42506f1b37f8d589fb1a7e140b8b,00D0b000000GaMp,0050b000004KISt,33.0,22.0,Api,Pn3Ok/yahHOweX6r,w/7YL5tqIN/fUUFN,Standard,,5095840.0,P,41.0,Boomi/,query,Account,0.0,634.0,551.0,8.0,0.0,2022-07-11T07:47:34.132Z,0050b000004KIStAAO,143.166.255.113,,Report,20220711074734.13,TID:3173266900000b3e55,0050b000004K6TJ,422,272,/aura,Y6VL7ulca4ODEEgj,Cv/ZV0qxynY0iHxS,,162817398,,H,,00O0b000006iNwd,4.0,0,21.0,1166.0,,978.0,20.0,0,0050b000004K6TJAA0,,00O0b000006iNwdEAE,ReportRunFromLightning
API,20220711075745.13,SLB:331e8acb2e8655c1be0cf5a947bfc9f0,00D0b000000GaMp,0050b000004KISt,23.0,18.0,Api,Pn3Ok/yahHOweX6r,DoncC8rA5frOXdzy,Standard,,4882826.0,P,41.0,Boomi/,query,Asset,1.0,651.0,778.0,20.0,0.0,2022-07-11T07:57:45.128Z,0050b000004KIStAAO,143.166.255.111,,Report,20220711075745.13,TID:84982300000b83657a,0051P000003jYVv,381,285,/aura,H2YaR6H5Ohwk0V3w,MZuDjmFNShJpN88y,,106111245,,H,,00O0b000006iNwd,0.0,0,21.0,0.0,,924.0,40.0,0,0051P000003jYVvQAM,,00O0b000006iNwdEAE,ReportRunFromLightning
API,20220722072415.336,SLB:ad5ee08abc36a853c1b71eec9c59bcd3,00D0b000000GaMp,0050b000004KISt,23.0,18.0,Api,nRBmI8RgLJ+yG4EQ,C0xbcLAwoDmCeMyo,Standard,,4809340.0,P,41.0,Boomi/,query,Asset,1.0,651.0,778.0,20.0,0.0,2022-07-22T07:24:15.339Z,0050b000004KIStAAO,143.166.255.112,,Report,20220722072415.336,TID:529448419000089920,0050b000004K6kt,1541,319,/aura,+eG1iEri6KSvHh4x,IR9QbIV0y0aYs5Dj,,1127769351,,H,,00O0b000004AoOO,73.0,0,15.0,576.0,,1069.0,40.0,1,0050b000004K6ktAAC,,00O0b000004AoOOEA0,ReportRunFromLightning
API,20220722073254.58,SLB:324f31b77994219157cd4ee119768f4d,00D0b000000GaMp,0050b000004KISt,29.0,21.0,Api,nRBmI8RgLJ+yG4EQ,bGVzv+V7jfy8AyPL,Standard,,6146865.0,P,41.0,Boomi/,query,Contact,1.0,724.0,731.0,51.0,0.0,2022-07-22T07:32:54.580Z,0050b000004KIStAAO,143.166.226.113,,Report,20220722073254.58,TID:79840022000000f385,0051P000003jYIa,474,279,/aura,2NlJc7+bu00tr5Oa,2PQ+AvButeiKF3ni,,202184751,,H,,00O2R0000043lHL,1.0,0,14.0,992.0,,946.0,20.0,0,0051P000003jYIaQAM,,00O2R0000043lHLUAY,ReportRunFromLightning
API,20220722074603.92,SLB:ae9cbd6dd4987c9cb2eb2b0caebd5e9d,00D0b000000GaMp,0050b000004KISt,31.0,22.0,Api,nRBmI8RgLJ+yG4EQ,+scmJXgnL86G2yPX,Standard,,8331433.0,P,41.0,Boomi/,query,Account,0.0,663.0,551.0,13.0,10.0,2022-07-22T07:46:03.916Z,0050b000004KIStAAO,143.166.226.115,,Report,20220722074603.92,TID:1160596000005cbf00,0050b000004K3Iy,545,361,/aura,7OdvRbBsX19T0UsQ,YHKNNhzfxp3pBhFI,,152797001,,H,,00O0b000004kTaz,12.0,0,28.0,1242.0,0720b000001dyJn.up,3856.0,70.0,0,0050b000004K3IyAAK,,00O0b000004kTazEAE,ReportRunFromLightning
API,20220722070009.32,SLB:ea2d6761e0f2f9839133ac6d5c63cc11,00D0b000000GaMp,0052R000009HZgF,465.0,72.0,Api,VmLyCaTf2H2F9Hj+,jZVhC2tB/+lILpCr,Standard,,16173411.0,P,47.0,,get_user_info,,,572.0,1554.0,215.0,10.0,2022-07-22T07:00:09.322Z,0052R000009HZgFQAW,143.166.255.113,,Report,20220722070009.32,TID:193807868000005da5,0050b000004K6aR,452,312,/aura,HqBNc4dZvL4WaJj6,qQFRE5lbKfpHQOBV,,158526962,,H,,00O0b000006iNwd,9.0,0,21.0,1147.0,0720b000001mujK.up,943.0,30.0,0,0050b000004K6aRAAS,,00O0b000006iNwdEAE,ReportRunFromLightning
API,20220722070110.74,SLB:26c1eedc3271d0b70e8ad73132bddf20,00D0b000000GaMp,0050b000004KISt,24.0,18.0,Api,nRBmI8RgLJ+yG4EQ,md67aBFgWkVG5ID/,Standard,,4959101.0,P,41.0,Boomi/,query,WorkOrder,0.0,643.0,551.0,8.0,0.0,2022-07-22T07:01:10.741Z,0050b000004KIStAAO,143.166.255.111,,Report,20220722070110.74,TID:562472000000ccb4f5,0056P000000xUxP,541,368,/aura,bFCKnTX6tcn1KBSa,vUIO0UsLnWnU11DL,,184166397,,H,,00O2R000004F1Y9,15.0,0,19.0,797.0,0722R000004XnLA.up,2859.0,50.0,0,0056P000000xUxPQAU,,00O2R000004F1Y9UAK,ReportRunFromLightning
API,20220722021808.43,SLB:0e7437f4afeb37735bcb4feb66af68ef,00D0b000000GaMp,0050b000004KISt,21.0,15.0,Api,nRBmI8RgLJ+yG4EQ,F/V9ZnV3o5Xrb9cg,Standard,,4643138.0,P,41.0,Boomi/,query,Asset,1.0,651.0,778.0,20.0,0.0,2022-07-22T02:18:08.428Z,0050b000004KIStAAO,143.166.226.119,,Report,20220722021808.43,TID:30552443800000a419,0050b000005Cdyy,787,427,/aura,3Tl9UtiqPkomNFY1,1ZMcDGvWuCjrJrG3,,310866126,,H,,00O2R0000043l7v,22.0,0,18.0,734.0,,12239.0,40.0,0,0050b000005CdyyAAC,,00O2R0000043l7vUAA,ReportRunFromLightning
API,20220722025816.566,SLB:d3c20b4f5c2f245e804ab8f204f15b83,00D0b000000GaMp,0050b000004KISt,26.0,20.0,Api,nRBmI8RgLJ+yG4EQ,dc8/4vP0vlPG/GRF,Standard,,5295152.0,P,41.0,Boomi/,query,WorkOrder,0.0,662.0,551.0,13.0,0.0,2022-07-22T02:58:16.567Z,0050b000004KIStAAO,143.166.255.114,,Report,20220722025816.566,TID:7194500000b2355343,0050b000004KBmF,323,240,/aura,jAhLGgSzj0sI82St,crEuL3ZnArR9+EYm,,58478359,01I0b000000J48d,H,,00O0b000006K6tL,19.0,0,27.0,1378.0,,290.0,20.0,0,0050b000004KBmFAAW,,00O0b000006K6tLEAS,ReportRunFromLightning
API,20220722020956.613,SLB:5a705d553baa30b2c1eba9eae86c57cd,00D0b000000GaMp,0050b000004KISt,25.0,19.0,Api,nRBmI8RgLJ+yG4EQ,9m3wG180Le/5ydXt,Standard,,5720801.0,P,41.0,Boomi/,query,WorkOrder,0.0,660.0,551.0,8.0,0.0,2022-07-22T02:09:56.614Z,0050b000004KIStAAO,143.166.226.115,,Report,20220722020956.613,TID:4809090000fe14a9e8,0050b000004KK2Z,352,264,/aura,+IfnNqhyFhgv35qy,YvVuos6C1TfOTUc4,,92714496,,H,,00O2R000004EjYV,11.0,0,28.0,1834.0,,603.0,20.0,0,0050b000004KK2ZAAW,,00O2R000004EjYVUA0,ReportRunFromLightning
API,20220722021123.24,SLB:3e0cc219b06192f872af02021b304836,00D0b000000GaMp,0050b000004KISt,24.0,18.0,Api,nRBmI8RgLJ+yG4EQ,Z7wf+pSf0U2k3vG5,Standard,,4792278.0,P,41.0,Boomi/,query,WorkOrder,0.0,643.0,551.0,8.0,0.0,2022-07-22T02:11:23.242Z,0050b000004KIStAAO,143.166.226.119,,Report,20220722021123.24,TID:3015959000000794af,0050b000004KEIe,648,390,/aura,U9dDeK0m80QLksUF,wo11fvYo0T5hU9eV,,218535706,,H,,00O0b000004kTaz,5.0,0,30.0,1376.0,0720b000001dyJn.up,95800.0,160.0,0,0050b000004KEIeAAO,,00O0b000004kTazEAE,ReportRunFromLightning
API,20220722022743.52,SLB:2557bc9ec3df81c4c1841f9fd1b9eb24,00D0b000000GaMp,0050b000004KISt,35.0,26.0,Api,nRBmI8RgLJ+yG4EQ,0XXJtmXLz+Cpk5Yd,Standard,,7257541.0,P,41.0,Boomi/,query,Contact,1.0,828.0,949.0,76.0,10.0,2022-07-22T02:27:43.520Z,0050b000004KIStAAO,143.166.226.111,,Report,20220722022743.52,TID:644090000094511d31,0050b000005npe9,912,479,/aura,D5Cv0aQ+OR4OS4lh,IlVtn1BSEIJrXOJh,,358267912,,H,,00O6P0000016wQf,1.0,0,19.0,816.0,,664.0,40.0,0,0050b000005npe9AAA,,00O6P0000016wQfUAI,ReportRunFromLightning
